SampleID,Name,Index1Name,Index2Name
Z2819981_BRCAPLUS,Z2819981_BRCAPLUS,P7_i6,P5_i13
I0150619304_BRCA1Y2,I0150619304_BRCA1Y2,P7_i6,P5_i14
Z4139959_BRCA1Y2,,P7_i6,P5_i15
19903091_BRCA1Y2,19903091_BRCA1Y2,P7_i6,P5_i16
19903089_CDH1,19903089_CDH1,P7_i6,P5_i17
I0150934304_BRCA1Y2,I0150934304_BRCA1Y2,P7_i6,P5_i18
Z3571283_BRCAPLUS,Z3571283_BRCAPLUS,P7_i6,P5_i19
Y8580778_BRCAPLUS,Y8580778_BRCAPLUS,P7_i6,P5_i20
74220446_COLON,74220446_COLON,P7_i7,P5_i13
G128973_BRCA1Y2,G128973_BRCA1Y2,P7_i7,P5_i14
119050056020_CHEK2,119050056020_CHEK2,P7_i7,P5_i15
I0151113004_BRCAPLUS,I0151113004_BRCAPLUS,P7_i7,P5_i16
Y1426606_BRCAPLUS,Y1426606_BRCAPLUS,P7_i7,P5_i17
Z3519251_BRCA1Y2,Z3519251_BRCA1Y2,P7_i7,P5_i18
0G130744_BRCAPLUS,0G130744_BRCAPLUS,P7_i7,P5_i19
0G130746_BRCAPLUS,0G130746_BRCAPLUS,P7_i7,P5_i20
Z1584671_BRCAPLUS,Z1584671_BRCAPLUS,P7_i8,P5_i13
Z2116459_BRCAPLUS,Z2116459_BRCAPLUS,P7_i8,P5_i14
G126037_NSD1,G126037_NSD1,P7_i8,P5_i15
Z2710904_FBN1,Z2710904_FBN1,P7_i8,P5_i16
G126962_25GENES,G126962_25GENES,P7_i8,P5_i17
I0150536404_MEN1,I0150536404_MEN1,P7_i8,P5_i18
z2754511_14GENES,z2754511_14GENES,P7_i8,P5_i19
